{
  "version": 1,
  "author": "Anonymous maker",
  "editor": "wokwi",
  "parts": [
    { "type": "board-esp32-devkit-c-v4", "id": "esp", "top": -9.6, "left": -62.36, "attrs": {} },
    {
      "type": "wokwi-pushbutton",
      "id": "btn1",
      "top": 131,
      "left": 96,
      "attrs": { "color": "green", "xray": "1" }
    },
    {
      "type": "wokwi-pushbutton",
      "id": "btn2",
      "top": 207.8,
      "left": 86.4,
      "attrs": { "color": "red", "xray": "1" }
    },
    {
      "type": "wokwi-lcd1602",
      "id": "lcd1",
      "top": -89.6,
      "left": 149.6,
      "attrs": { "pins": "i2c" }
    },
    {
      "type": "wokwi-resistor",
      "id": "r1",
      "top": 81.6,
      "left": 76.25,
      "rotate": 90,
      "attrs": { "value": "1000" }
    },
    {
      "type": "wokwi-resistor",
      "id": "r2",
      "top": 81.6,
      "left": 57.05,
      "rotate": 90,
      "attrs": { "value": "1000" }
    }
  ],
  "connections": [
    [ "esp:TX", "$serialMonitor:RX", "", [] ],
    [ "esp:RX", "$serialMonitor:TX", "", [] ],
    [ "esp:2", "btn2:1.l", "green", [ "h28.8", "v67.2" ] ],
    [ "btn2:1.l", "r2:2", "green", [ "h-9.6", "v-96", "h9.6" ] ],
    [ "esp:4", "btn1:1.l", "green", [ "h48", "v9.6" ] ],
    [ "r1:2", "btn1:1.l", "green", [ "h0", "v8.4", "h-9.6" ] ],
    [ "lcd1:GND", "esp:GND.2", "black", [ "h-67.2", "v19.2" ] ],
    [ "esp:22", "lcd1:SCL", "green", [ "h38.4", "v-19.2" ] ],
    [ "esp:21", "lcd1:SDA", "green", [ "h19.2", "v-19.2", "h57.6", "v-28.8" ] ],
    [ "esp:GND.3", "btn1:2.r", "black", [ "h134.4", "v86.4" ] ],
    [ "esp:GND.3", "btn2:2.r", "black", [ "h134.4", "v163.2" ] ],
    [ "lcd1:VCC", "esp:3V3", "red", [ "h-76.8", "v-28.7", "h-115.2" ] ],
    [ "lcd1:VCC", "r2:1", "red", [ "h0" ] ],
    [ "lcd1:VCC", "r1:1", "red", [ "h0" ] ]
  ],
  "dependencies": {}
}